,app_temp,clouds,clouds_hi,clouds_low,clouds_mid,datetime,dewpt,dhi,dni,ghi,ozone,pod,pop,precip,pres,rh,slp,snow,snow_depth,solar_rad,temp,timestamp_local,timestamp_utc,ts,uv,vis,weather,wind_cdir,wind_cdir_full,wind_dir,wind_gust_spd,wind_spd
0,-30.6,100,0,100,100,2022-10-26:07,-20.2,0.0,0.0,0.0,282.3,n,20,0.0625,692.5,99,1010.5,0.75,1462.9,0.0,-20.1,2022-10-26T05:00:00,2022-10-26T07:00:00,1666767600,0.0,0.305,"{'icon': 's06n', 'description': 'Flurries', 'code': 623}",SSW,south-southwest,193,10.09,5.6
1,-31.9,100,0,100,100,2022-10-26:08,-21.0,0.0,0.0,0.0,285.3,n,30,0.125,692.5,99,1012.0,1.5,1464.4,0.0,-20.9,2022-10-26T06:00:00,2022-10-26T08:00:00,1666771200,0.0,0.328,"{'icon': 's06n', 'description': 'Flurries', 'code': 623}",SSW,south-southwest,199,10.51,5.85
2,-33.2,100,0,100,100,2022-10-26:09,-22.2,0.0,0.0,0.0,287.0,n,20,0.0625,692.5,100,1014.0,0.75,1465.2,0.0,-22.2,2022-10-26T07:00:00,2022-10-26T09:00:00,1666774800,0.0,0.391,"{'icon': 's06n', 'description': 'Flurries', 'code': 623}",SSW,south-southwest,200,10.3,5.49
3,-35.0,100,0,100,100,2022-10-26:10,-24.1,0.0,0.0,0.0,291.5,n,20,0.0625,692.5,100,1016.5,0.75,1466.0,0.0,-24.1,2022-10-26T08:00:00,2022-10-26T10:00:00,1666778400,0.0,0.573,"{'icon': 's06n', 'description': 'Flurries', 'code': 623}",SSW,south-southwest,194,8.7,4.98
4,-37.3,100,0,100,100,2022-10-26:11,-25.9,0.0,0.0,0.0,289.8,n,20,0.0625,692.5,100,1019.0,0.75,1466.8,0.0,-25.9,2022-10-26T09:00:00,2022-10-26T11:00:00,1666782000,0.0,0.613,"{'icon': 's06n', 'description': 'Flurries', 'code': 623}",S,south,191,7.6,4.9
5,-39.0,100,6,100,100,2022-10-26:12,-27.2,19.35,153.03,16.1,291.0,d,0,0.0,692.5,100,1021.0,0.0,1466.8,20.960001,-27.2,2022-10-26T10:00:00,2022-10-26T12:00:00,1666785600,0.5,0.703,"{'icon': 'c04d', 'description': 'Overcast clouds', 'code': 804}",S,south,186,7.82,5.0
6,-40.0,100,100,100,100,2022-10-26:13,-27.9,30.05,290.31,41.35,288.3,d,20,0.0625,692.5,100,1022.0,0.75,1467.5,34.184998,-27.9,2022-10-26T11:00:00,2022-10-26T13:00:00,1666789200,0.5,0.821,"{'icon': 's06d', 'description': 'Flurries', 'code': 623}",S,south,185,8.02,5.12
7,-37.8,100,100,100,100,2022-10-26:14,-26.3,34.14,341.0,54.63,286.5,d,0,0.0,692.0,100,1019.5,0.0,1467.5,39.603,-26.3,2022-10-26T12:00:00,2022-10-26T14:00:00,1666792800,0.5,1.151,"{'icon': 'c04d', 'description': 'Overcast clouds', 'code': 804}",S,south,185,9.73,5.06
8,-36.1,100,100,100,100,2022-10-26:15,-24.3,33.19,329.34,51.34,286.5,d,0,0.0,692.0,100,1016.5,0.0,1467.5,38.323997,-24.3,2022-10-26T13:00:00,2022-10-26T15:00:00,1666796400,0.5,1.476,"{'icon': 'c04d', 'description': 'Overcast clouds', 'code': 804}",S,south,190,11.5,5.78
9,-35.1,100,100,100,100,2022-10-26:16,-23.1,26.87,249.89,32.47,283.5,d,15,0.0625,692.0,100,1014.5,0.0,1467.5,30.117,-23.1,2022-10-26T14:00:00,2022-10-26T16:00:00,1666800000,0.5,1.799,"{'icon': 'c04d', 'description': 'Overcast clouds', 'code': 804}",SSW,south-southwest,194,12.4,6.27
10,-34.6,100,100,100,100,2022-10-26:17,-22.8,12.17,66.66,6.04,283.0,d,0,0.0,691.5,100,1013.5,0.0,1467.5,12.774,-22.8,2022-10-26T15:00:00,2022-10-26T17:00:00,1666803600,0.5,2.054,"{'icon': 'c04d', 'description': 'Overcast clouds', 'code': 804}",SSW,south-southwest,196,12.22,6.35
11,-33.8,100,100,100,100,2022-10-26:18,-22.2,0.0,0.0,0.0,286.5,n,0,0.0,692.0,100,1013.0,0.0,1467.5,0.0,-22.2,2022-10-26T16:00:00,2022-10-26T18:00:00,1666807200,0.0,2.714,"{'icon': 'c04n', 'description': 'Overcast clouds', 'code': 804}",SSW,south-southwest,196,11.3,6.17
12,-33.3,100,100,100,100,2022-10-26:19,-21.9,0.0,0.0,0.0,282.5,n,20,0.0625,692.0,100,1013.0,0.75,1468.3,0.0,-21.9,2022-10-26T17:00:00,2022-10-26T19:00:00,1666810800,0.0,0.344,"{'icon': 's06n', 'description': 'Flurries', 'code': 623}",SSW,south-southwest,196,10.9,5.96
13,-32.9,100,100,100,100,2022-10-26:20,-21.7,0.0,0.0,0.0,284.0,n,20,0.0625,692.0,99,1012.5,0.75,1469.0,0.0,-21.6,2022-10-26T18:00:00,2022-10-26T20:00:00,1666814400,0.0,0.213,"{'icon': 's06n', 'description': 'Flurries', 'code': 623}",SSW,south-southwest,197,11.3,6.03
14,-32.6,100,100,100,100,2022-10-26:21,-21.4,0.0,0.0,0.0,285.0,n,40,0.1875,692.0,99,1012.0,2.25,1471.3,0.0,-21.2,2022-10-26T19:00:00,2022-10-26T21:00:00,1666818000,0.0,0.232,"{'icon': 's01n', 'description': 'Light snow', 'code': 600}",SSW,south-southwest,199,12.0,6.24
15,-32.5,100,100,100,100,2022-10-26:22,-21.3,0.0,0.0,0.0,286.3,n,30,0.125,692.0,98,1012.0,1.5,1472.8,0.0,-21.1,2022-10-26T20:00:00,2022-10-26T22:00:00,1666821600,0.0,0.229,"{'icon': 's06n', 'description': 'Flurries', 'code': 623}",SSW,south-southwest,202,12.0,6.37
16,-32.2,100,100,100,100,2022-10-26:23,-21.0,0.0,0.0,0.0,282.3,n,30,0.125,692.0,99,1011.5,1.5,1474.3,0.0,-20.9,2022-10-26T21:00:00,2022-10-26T23:00:00,1666825200,0.0,0.246,"{'icon': 's06n', 'description': 'Flurries', 'code': 623}",SSW,south-southwest,199,11.41,6.19
17,-32.1,100,100,100,100,2022-10-27:00,-21.0,0.0,0.0,0.0,278.8,n,20,0.0625,691.5,98,1010.5,0.75,1475.0,0.0,-20.8,2022-10-26T22:00:00,2022-10-27T00:00:00,1666828800,0.0,0.273,"{'icon': 's06n', 'description': 'Flurries', 'code': 623}",SSW,south-southwest,196,11.4,6.3
18,-32.2,100,100,100,100,2022-10-27:01,-20.9,0.0,0.0,0.0,273.8,n,30,0.125,691.5,99,1010.5,1.5,1476.5,0.0,-20.8,2022-10-26T23:00:00,2022-10-27T01:00:00,1666832400,0.0,0.234,"{'icon': 's06n', 'description': 'Flurries', 'code': 623}",SSW,south-southwest,197,11.91,6.53
19,-32.2,100,36,100,100,2022-10-27:02,-20.6,0.0,0.0,0.0,267.0,n,40,0.1875,691.0,99,1009.5,2.25,1478.8,0.0,-20.5,2022-10-27T00:00:00,2022-10-27T02:00:00,1666836000,0.0,0.153,"{'icon': 's01n', 'description': 'Light snow', 'code': 600}",SSW,south-southwest,197,12.8,6.99
20,-31.9,100,5,100,100,2022-10-27:03,-20.2,0.0,0.0,0.0,264.0,n,40,0.1875,691.0,99,1009.0,2.25,1481.0,0.0,-20.1,2022-10-27T01:00:00,2022-10-27T03:00:00,1666839600,0.0,0.143,"{'icon': 's01n', 'description': 'Light snow', 'code': 600}",SSW,south-southwest,197,13.3,7.23
21,-31.9,100,30,100,100,2022-10-27:04,-20.1,0.0,0.0,0.0,263.3,n,45,0.25,691.0,98,1008.0,3.0,1484.0,0.0,-19.9,2022-10-27T02:00:00,2022-10-27T04:00:00,1666843200,0.0,0.166,"{'icon': 's01n', 'description': 'Light snow', 'code': 600}",SSW,south-southwest,198,13.93,7.58
22,-32.1,100,100,100,100,2022-10-27:05,-20.1,0.0,0.0,0.0,258.3,n,40,0.1875,690.5,98,1008.0,2.25,1486.3,0.0,-19.8,2022-10-27T03:00:00,2022-10-27T05:00:00,1666846800,0.0,0.14,"{'icon': 's01n', 'description': 'Light snow', 'code': 600}",SSW,south-southwest,200,15.1,7.91
23,-31.8,100,100,100,100,2022-10-27:06,-19.9,0.0,0.0,0.0,256.0,n,40,0.1875,690.5,98,1007.5,2.25,1488.5,0.0,-19.7,2022-10-27T04:00:00,2022-10-27T06:00:00,1666850400,0.0,0.143,"{'icon': 's01n', 'description': 'Light snow', 'code': 600}",SSW,south-southwest,195,15.09,7.8
24,-31.7,100,100,100,100,2022-10-27:07,-19.7,0.0,0.0,0.0,253.5,n,45,0.25,689.5,98,1006.0,3.0,1491.5,0.0,-19.5,2022-10-27T05:00:00,2022-10-27T07:00:00,1666854000,0.0,0.134,"{'icon': 's01n', 'description': 'Light snow', 'code': 600}",S,south,191,15.2,8.05
25,-31.9,100,100,100,100,2022-10-27:08,-19.6,0.0,0.0,0.0,250.1,n,55,0.375,689.5,98,1005.5,4.5,1496.0,0.0,-19.3,2022-10-27T06:00:00,2022-10-27T08:00:00,1666857600,0.0,0.124,"{'icon': 's01n', 'description': 'Light snow', 'code': 600}",SSW,south-southwest,193,15.91,8.72
26,-32.0,100,100,100,100,2022-10-27:09,-19.5,0.0,0.0,0.0,250.5,n,55,0.375,689.0,98,1004.5,4.5,1500.5,0.0,-19.3,2022-10-27T07:00:00,2022-10-27T09:00:00,1666861200,0.0,0.124,"{'icon': 's01n', 'description': 'Light snow', 'code': 600}",S,south,190,16.09,9.12
27,-31.6,100,100,100,100,2022-10-27:10,-19.1,0.0,0.0,0.0,251.0,n,60,0.4375,688.5,98,1003.5,5.25,1505.8,0.0,-18.9,2022-10-27T08:00:00,2022-10-27T10:00:00,1666864800,0.0,0.122,"{'icon': 's01n', 'description': 'Light snow', 'code': 600}",S,south,189,16.5,9.22
28,-31.3,100,100,100,100,2022-10-27:11,-18.8,0.0,0.0,0.0,249.8,n,55,0.375,688.0,97,1002.0,4.5,1510.3,0.0,-18.4,2022-10-27T09:00:00,2022-10-27T11:00:00,1666868400,0.0,0.126,"{'icon': 's01n', 'description': 'Light snow', 'code': 600}",SSW,south-southwest,192,17.31,9.82
29,-30.6,100,100,100,100,2022-10-27:12,-18.1,17.28,126.89,12.67,248.3,d,50,0.3125,688.0,97,1000.5,3.75,1514.0,18.547,-17.8,2022-10-27T10:00:00,2022-10-27T12:00:00,1666872000,0.5,0.121,"{'icon': 's01d', 'description': 'Light snow', 'code': 600}",SSW,south-southwest,200,18.09,10.09
30,-29.5,100,100,100,100,2022-10-27:13,-17.4,28.49,270.61,36.84,249.1,d,60,0.4375,687.5,96,999.0,5.25,1519.3,32.174,-16.9,2022-10-27T11:00:00,2022-10-27T13:00:00,1666875600,0.5,0.126,"{'icon': 's01d', 'description': 'Light snow', 'code': 600}",SSW,south-southwest,209,18.63,10.2
31,-28.4,100,0,100,100,2022-10-27:14,-16.6,32.73,323.67,49.78,252.6,d,45,0.25,687.5,95,997.5,3.0,1522.3,37.708,-15.9,2022-10-27T12:00:00,2022-10-27T14:00:00,1666879200,0.5,0.162,"{'icon': 's01d', 'description': 'Light snow', 'code': 600}",SW,southwest,217,18.53,10.53
32,-28.0,100,0,100,100,2022-10-27:15,-15.9,31.73,311.36,46.54,255.5,d,40,0.1875,687.5,95,997.0,2.25,1524.5,36.384,-15.3,2022-10-27T13:00:00,2022-10-27T15:00:00,1666882800,0.5,0.183,"{'icon': 's01d', 'description': 'Light snow', 'code': 600}",SW,southwest,229,17.09,11.45
33,-29.1,100,0,100,100,2022-10-27:16,-16.8,25.16,227.86,28.17,257.0,d,40,0.1875,688.0,94,998.5,2.25,1526.8,27.977,-16.1,2022-10-27T14:00:00,2022-10-27T16:00:00,1666886400,0.5,0.253,"{'icon': 's01d', 'description': 'Light snow', 'code': 600}",WSW,west-southwest,237,19.63,11.54
34,-29.3,100,0,100,100,2022-10-27:17,-17.3,9.5,39.78,3.58,257.3,d,30,0.125,688.0,95,1000.0,1.5,1528.3,9.858,-16.7,2022-10-27T15:00:00,2022-10-27T17:00:00,1666890000,0.5,0.218,"{'icon': 's06d', 'description': 'Flurries', 'code': 623}",SW,southwest,230,17.89,10.3
35,-30.0,100,0,100,100,2022-10-27:18,-17.5,0.0,0.0,0.0,259.5,n,40,0.1875,688.5,95,1000.5,2.25,1530.5,0.0,-16.9,2022-10-27T16:00:00,2022-10-27T18:00:00,1666893600,0.0,0.167,"{'icon': 's01n', 'description': 'Light snow', 'code': 600}",SW,southwest,236,18.5,11.21
36,-29.2,100,0,100,100,2022-10-27:19,-17.1,0.0,0.0,0.0,263.3,n,45,0.25,688.5,96,1000.5,3.0,1533.5,0.0,-16.6,2022-10-27T17:00:00,2022-10-27T19:00:00,1666897200,0.0,0.125,"{'icon': 's01n', 'description': 'Light snow', 'code': 600}",WSW,west-southwest,237,17.02,10.27
37,-30.2,100,0,100,100,2022-10-27:20,-17.4,0.0,0.0,0.0,265.8,n,45,0.25,689.0,95,1001.5,3.0,1536.5,0.0,-16.8,2022-10-27T18:00:00,2022-10-27T20:00:00,1666900800,0.0,0.204,"{'icon': 's01n', 'description': 'Light snow', 'code': 600}",WSW,west-southwest,244,18.7,11.75
38,-30.4,100,0,100,100,2022-10-27:21,-17.9,0.0,0.0,0.0,265.0,n,40,0.1875,690.0,95,1003.0,2.25,1538.8,0.0,-17.3,2022-10-27T19:00:00,2022-10-27T21:00:00,1666904400,0.0,0.233,"{'icon': 's01n', 'description': 'Light snow', 'code': 600}",SW,southwest,236,17.3,10.94
39,-31.7,100,0,100,100,2022-10-27:22,-18.4,0.0,0.0,0.0,264.3,n,40,0.1875,690.5,94,1004.0,2.25,1541.0,0.0,-17.7,2022-10-27T20:00:00,2022-10-27T22:00:00,1666908000,0.0,0.286,"{'icon': 's01n', 'description': 'Light snow', 'code': 600}",WSW,west-southwest,240,19.19,12.75
40,-30.5,100,0,100,100,2022-10-27:23,-18.1,0.0,0.0,0.0,266.3,n,40,0.1875,690.5,96,1004.0,2.25,1543.3,0.0,-17.7,2022-10-27T21:00:00,2022-10-27T23:00:00,1666911600,0.0,0.169,"{'icon': 's01n', 'description': 'Light snow', 'code': 600}",WSW,west-southwest,249,16.81,10.14
41,-29.6,100,0,100,100,2022-10-28:00,-17.9,0.0,0.0,0.0,266.3,n,40,0.1875,690.5,96,1004.0,2.25,1545.5,0.0,-17.4,2022-10-27T22:00:00,2022-10-28T00:00:00,1666915200,0.0,0.218,"{'icon': 's01n', 'description': 'Light snow', 'code': 600}",SW,southwest,236,14.8,9.14
42,-30.8,100,0,100,100,2022-10-28:01,-19.1,0.0,0.0,0.0,267.3,n,30,0.125,691.0,97,1006.5,1.5,1547.0,0.0,-18.7,2022-10-27T23:00:00,2022-10-28T01:00:00,1666918800,0.0,0.35,"{'icon': 's06n', 'description': 'Flurries', 'code': 623}",WSW,west-southwest,237,14.31,8.17
43,-30.6,100,0,100,100,2022-10-28:02,-19.8,0.0,0.0,0.0,267.0,n,20,0.0625,691.0,99,1008.0,0.75,1547.8,0.0,-19.7,2022-10-28T00:00:00,2022-10-28T02:00:00,1666922400,0.0,0.231,"{'icon': 's06n', 'description': 'Flurries', 'code': 623}",SW,southwest,233,11.03,6.31
44,-30.5,100,0,100,100,2022-10-28:03,-19.5,0.0,0.0,0.0,270.0,n,30,0.125,691.0,98,1008.0,1.5,1549.3,0.0,-19.3,2022-10-28T01:00:00,2022-10-28T03:00:00,1666926000,0.0,0.28,"{'icon': 's06n', 'description': 'Flurries', 'code': 623}",SW,southwest,226,13.02,6.66
45,-30.4,100,15,100,100,2022-10-28:04,-19.4,0.0,0.0,0.0,268.3,n,30,0.125,691.0,98,1007.5,1.5,1550.8,0.0,-19.1,2022-10-28T02:00:00,2022-10-28T04:00:00,1666929600,0.0,0.262,"{'icon': 's06n', 'description': 'Flurries', 'code': 623}",SW,southwest,225,12.61,6.8
46,-30.4,100,5,100,100,2022-10-28:05,-19.4,0.0,0.0,0.0,269.8,n,30,0.125,691.5,98,1007.5,1.5,1552.3,0.0,-19.2,2022-10-28T03:00:00,2022-10-28T05:00:00,1666933200,0.0,0.282,"{'icon': 's06n', 'description': 'Flurries', 'code': 623}",SW,southwest,221,11.91,6.86
47,-32.0,100,5,100,100,2022-10-28:06,-21.2,0.0,0.0,0.0,269.0,n,20,0.0625,691.5,100,1010.5,0.75,1553.0,0.0,-21.2,2022-10-28T04:00:00,2022-10-28T06:00:00,1666936800,0.0,0.536,"{'icon': 's06n', 'description': 'Flurries', 'code': 623}",SSW,south-southwest,200,9.5,5.64
48,-33.0,100,5,100,100,2022-10-28:07,-22.4,0.0,0.0,0.0,268.8,n,20,0.0625,691.5,100,1012.0,0.75,1553.8,0.0,-22.4,2022-10-28T05:00:00,2022-10-28T07:00:00,1666940400,0.0,0.346,"{'icon': 's06n', 'description': 'Flurries', 'code': 623}",SSW,south-southwest,195,7.82,5.13
49,-31.4,100,100,100,100,2022-10-28:08,-21.5,0.0,0.0,0.0,267.5,n,30,0.125,691.5,100,1011.0,1.5,1555.3,0.0,-21.5,2022-10-28T06:00:00,2022-10-28T08:00:00,1666944000,0.0,0.363,"{'icon': 's06n', 'description': 'Flurries', 'code': 623}",SSW,south-southwest,194,8.23,4.68
50,-31.9,100,100,100,100,2022-10-28:09,-21.5,0.0,0.0,0.0,266.0,n,20,0.0625,691.5,100,1011.0,0.75,1556.0,0.0,-21.5,2022-10-28T07:00:00,2022-10-28T09:00:00,1666947600,0.0,0.45,"{'icon': 's06n', 'description': 'Flurries', 'code': 623}",S,south,187,8.5,5.06
51,-31.6,100,100,100,100,2022-10-28:10,-21.2,0.0,0.0,0.0,265.3,n,20,0.0625,691.0,100,1010.0,0.75,1556.8,0.0,-21.2,2022-10-28T08:00:00,2022-10-28T10:00:00,1666951200,0.0,0.468,"{'icon': 's06n', 'description': 'Flurries', 'code': 623}",S,south,183,8.7,5.13
52,-31.0,100,100,100,100,2022-10-28:11,-20.6,0.0,0.0,0.0,263.5,n,20,0.0625,691.0,100,1009.0,0.75,1557.5,0.0,-20.6,2022-10-28T09:00:00,2022-10-28T11:00:00,1666954800,0.0,0.407,"{'icon': 's06n', 'description': 'Flurries', 'code': 623}",S,south,181,10.2,5.42
53,-30.4,100,100,100,100,2022-10-28:12,-19.9,15.1,100.1,9.51,263.5,d,0,0.0,690.5,100,1007.0,0.0,1557.5,16.051,-19.9,2022-10-28T10:00:00,2022-10-28T12:00:00,1666958400,0.5,0.608,"{'icon': 'c04d', 'description': 'Overcast clouds', 'code': 804}",S,south,178,11.09,5.59
54,-28.1,100,100,100,100,2022-10-28:13,-17.7,26.89,250.07,32.48,263.0,d,20,0.0625,689.5,97,1002.5,0.75,1558.3,30.137999,-17.3,2022-10-28T11:00:00,2022-10-28T13:00:00,1666962000,0.5,0.647,"{'icon': 's06d', 'description': 'Flurries', 'code': 623}",S,south,189,14.0,6.9
55,-25.4,100,100,100,100,2022-10-28:14,-15.5,31.28,305.64,45.07,261.5,d,30,0.125,689.0,96,998.5,1.5,1559.8,35.787003,-15.0,2022-10-28T12:00:00,2022-10-28T14:00:00,1666965600,0.5,0.13,"{'icon': 's06d', 'description': 'Flurries', 'code': 623}",SSW,south-southwest,203,15.8,7.31
56,-23.4,100,100,100,100,2022-10-28:15,-14.1,30.24,292.67,41.88,258.5,d,60,0.4375,688.5,96,996.0,5.25,1565.0,34.428,-13.6,2022-10-28T13:00:00,2022-10-28T15:00:00,1666969200,0.5,0.123,"{'icon': 's01d', 'description': 'Light snow', 'code': 600}",SSW,south-southwest,200,14.5,7.15
57,-21.9,100,100,100,100,2022-10-28:16,-12.7,23.39,204.9,24.07,257.8,d,50,0.3125,688.0,95,993.0,3.75,1568.8,25.796999,-12.1,2022-10-28T14:00:00,2022-10-28T16:00:00,1666972800,0.5,0.143,"{'icon': 's01d', 'description': 'Light snow', 'code': 600}",SSW,south-southwest,209,14.5,7.68
58,-21.1,100,100,100,100,2022-10-28:17,-12.0,6.58,16.73,1.64,257.5,d,55,0.375,687.5,95,991.0,4.5,1573.3,6.744,-11.4,2022-10-28T15:00:00,2022-10-28T17:00:00,1666976400,0.5,0.126,"{'icon': 's01d', 'description': 'Light snow', 'code': 600}",SSW,south-southwest,211,15.3,7.9
59,-20.3,100,100,100,100,2022-10-28:18,-11.5,0.0,0.0,0.0,257.0,n,55,0.375,687.0,95,989.5,4.5,1577.8,0.0,-10.8,2022-10-28T16:00:00,2022-10-28T18:00:00,1666980000,0.0,0.122,"{'icon': 's01n', 'description': 'Light snow', 'code': 600}",SSW,south-southwest,212,15.1,7.71
60,-19.6,100,100,100,100,2022-10-28:19,-10.9,0.0,0.0,0.0,257.0,n,55,0.375,686.5,95,988.5,4.5,1582.3,0.0,-10.3,2022-10-28T17:00:00,2022-10-28T19:00:00,1666983600,0.0,0.123,"{'icon': 's01n', 'description': 'Light snow', 'code': 600}",SW,southwest,215,15.2,7.88
61,-19.2,100,100,100,100,2022-10-28:20,-10.4,0.0,0.0,0.0,258.5,n,55,0.375,686.5,95,987.5,4.5,1586.8,0.0,-9.8,2022-10-28T18:00:00,2022-10-28T20:00:00,1666987200,0.0,0.13,"{'icon': 's01n', 'description': 'Light snow', 'code': 600}",SW,southwest,217,16.19,8.27
62,-18.7,100,88,100,100,2022-10-28:21,-10.0,0.0,0.0,0.0,260.0,n,55,0.375,686.0,95,986.5,4.5,1591.3,0.0,-9.4,2022-10-28T19:00:00,2022-10-28T21:00:00,1666990800,0.0,0.119,"{'icon': 's01n', 'description': 'Light snow', 'code': 600}",SW,southwest,220,16.39,8.42
63,-18.3,100,100,100,100,2022-10-28:22,-9.7,0.0,0.0,0.0,263.0,n,55,0.375,686.0,95,986.0,4.5,1595.8,0.0,-9.1,2022-10-28T20:00:00,2022-10-28T22:00:00,1666994400,0.0,0.129,"{'icon': 's01n', 'description': 'Light snow', 'code': 600}",SW,southwest,220,16.59,8.36
64,-18.2,100,85,100,100,2022-10-28:23,-9.6,0.0,0.0,0.0,264.8,n,50,0.3125,685.5,95,985.0,3.75,1599.5,0.0,-9.0,2022-10-28T21:00:00,2022-10-28T23:00:00,1666998000,0.0,0.117,"{'icon': 's01n', 'description': 'Light snow', 'code': 600}",SW,southwest,221,16.8,8.52
65,-17.9,100,2,100,100,2022-10-29:00,-9.4,0.0,0.0,0.0,265.0,n,60,0.4375,685.5,95,984.5,5.25,1604.8,0.0,-8.8,2022-10-28T22:00:00,2022-10-29T00:00:00,1667001600,0.0,0.131,"{'icon': 's01n', 'description': 'Light snow', 'code': 600}",SW,southwest,220,16.19,8.31
66,-17.9,100,0,100,100,2022-10-29:01,-9.3,0.0,0.0,0.0,264.0,n,50,0.3125,685.0,95,984.0,3.75,1608.5,0.0,-8.6,2022-10-28T23:00:00,2022-10-29T01:00:00,1667005200,0.0,0.162,"{'icon': 's01n', 'description': 'Light snow', 'code': 600}",SSW,south-southwest,213,16.69,8.62
67,-18.0,100,0,100,100,2022-10-29:02,-9.3,0.0,0.0,0.0,263.3,n,45,0.25,684.5,95,983.5,3.0,1611.5,0.0,-8.6,2022-10-29T00:00:00,2022-10-29T02:00:00,1667008800,0.0,0.127,"{'icon': 's01n', 'description': 'Light snow', 'code': 600}",SSW,south-southwest,210,16.8,9.09
68,-17.4,100,0,100,100,2022-10-29:03,-8.8,0.0,0.0,0.0,263.8,n,45,0.25,684.5,95,982.5,3.0,1614.5,0.0,-8.2,2022-10-29T01:00:00,2022-10-29T03:00:00,1667012400,0.0,0.144,"{'icon': 's01n', 'description': 'Light snow', 'code': 600}",SSW,south-southwest,208,15.7,8.85
69,-16.9,100,0,100,100,2022-10-29:04,-8.6,0.0,0.0,0.0,265.0,n,50,0.3125,684.0,95,981.5,3.75,1618.3,0.0,-7.9,2022-10-29T02:00:00,2022-10-29T04:00:00,1667016000,0.0,0.132,"{'icon': 's01n', 'description': 'Light snow', 'code': 600}",SSW,south-southwest,203,15.4,8.61
70,-17.9,100,2,100,100,2022-10-29:05,-9.0,0.0,0.0,0.0,265.0,n,50,0.3125,684.0,95,982.0,3.75,1622.0,0.0,-8.3,2022-10-29T03:00:00,2022-10-29T05:00:00,1667019600,0.0,0.185,"{'icon': 's01n', 'description': 'Light snow', 'code': 600}",S,south,191,15.3,9.72
71,-20.3,100,15,100,100,2022-10-29:06,-10.8,0.0,0.0,0.0,266.8,n,30,0.125,683.5,95,983.5,1.5,1623.5,0.0,-10.2,2022-10-29T04:00:00,2022-10-29T06:00:00,1667023200,0.0,0.231,"{'icon': 's06n', 'description': 'Flurries', 'code': 623}",S,south,185,15.7,9.52
72,-20.7,100,42,100,100,2022-10-29:07,-11.3,0.0,0.0,0.0,268.5,n,40,0.1875,683.0,94,983.5,2.25,1625.8,0.0,-10.5,2022-10-29T05:00:00,2022-10-29T07:00:00,1667026800,0.0,0.237,"{'icon': 's01n', 'description': 'Light snow', 'code': 600}",S,south,182,16.3,9.52
73,-21.3,100,100,100,100,2022-10-29:08,-11.6,0.0,0.0,0.0,272.3,n,40,0.1875,682.5,94,983.0,2.25,1628.0,0.0,-10.8,2022-10-29T06:00:00,2022-10-29T08:00:00,1667030400,0.0,0.154,"{'icon': 's01n', 'description': 'Light snow', 'code': 600}",S,south,178,17.3,9.81
74,-21.5,100,100,100,100,2022-10-29:09,-11.3,0.0,0.0,0.0,275.5,n,45,0.25,682.0,94,982.5,3.0,1631.0,0.0,-10.6,2022-10-29T07:00:00,2022-10-29T09:00:00,1667034000,0.0,0.184,"{'icon': 's01n', 'description': 'Light snow', 'code': 600}",S,south,179,19.5,11.13
75,-22.6,100,100,100,100,2022-10-29:10,-11.8,0.0,0.0,0.0,276.5,n,30,0.125,682.0,94,983.0,1.5,1632.5,0.0,-11.1,2022-10-29T08:00:00,2022-10-29T10:00:00,1667037600,0.0,0.219,"{'icon': 's06n', 'description': 'Flurries', 'code': 623}",S,south,186,20.0,12.3
76,-23.4,100,100,100,100,2022-10-29:11,-12.4,0.0,0.0,0.0,279.0,n,40,0.1875,682.0,94,983.5,2.25,1634.8,0.0,-11.7,2022-10-29T09:00:00,2022-10-29T11:00:00,1667041200,0.0,0.24,"{'icon': 's01n', 'description': 'Light snow', 'code': 600}",S,south,189,19.8,12.21
77,-24.7,100,84,100,100,2022-10-29:12,-13.5,12.77,73.14,6.68,280.5,d,40,0.1875,681.5,94,985.0,2.25,1637.0,13.438001,-12.8,2022-10-29T10:00:00,2022-10-29T12:00:00,1667044800,0.5,0.153,"{'icon': 's01d', 'description': 'Light snow', 'code': 600}",S,south,189,19.0,11.66
78,-25.0,100,0,100,100,2022-10-29:13,-13.8,25.23,228.66,28.3,281.8,d,40,0.1875,681.5,94,984.5,2.25,1639.3,28.06,-13.0,2022-10-29T11:00:00,2022-10-29T13:00:00,1667048400,0.5,0.199,"{'icon': 's01d', 'description': 'Light snow', 'code': 600}",S,south,189,18.42,11.74
79,-26.2,100,2,100,100,2022-10-29:14,-14.7,29.79,286.89,40.5,284.0,d,40,0.1875,681.0,93,985.5,2.25,1641.5,33.84,-13.8,2022-10-29T12:00:00,2022-10-29T14:00:00,1667052000,0.5,0.266,"{'icon': 's01d', 'description': 'Light snow', 'code': 600}",S,south,190,19.19,12.02
80,-27.4,100,0,100,100,2022-10-29:15,-15.4,28.71,273.22,37.39,291.0,d,30,0.125,681.5,94,987.0,1.5,1643.0,32.448997,-14.7,2022-10-29T13:00:00,2022-10-29T15:00:00,1667055600,0.5,0.226,"{'icon': 's06d', 'description': 'Flurries', 'code': 623}",SSW,south-southwest,193,19.39,12.1
81,-28.2,100,0,100,100,2022-10-29:16,-15.9,21.54,181.04,20.19,297.5,d,30,0.125,681.0,94,987.5,1.5,1644.5,23.559002,-15.2,2022-10-29T14:00:00,2022-10-29T16:00:00,1667059200,0.5,0.321,"{'icon': 's06d', 'description': 'Flurries', 'code': 623}",SSW,south-southwest,193,19.19,12.29
82,-29.2,100,0,100,100,2022-10-29:17,-16.7,3.3,2.33,0.37,303.8,n,30,0.125,681.5,94,989.0,1.5,1646.0,3.337,-16.0,2022-10-29T15:00:00,2022-10-29T17:00:00,1667062800,0.0,0.244,"{'icon': 's06n', 'description': 'Flurries', 'code': 623}",SSW,south-southwest,197,19.3,12.21
83,-29.1,100,0,100,100,2022-10-29:18,-17.1,0.0,0.0,0.0,304.5,n,30,0.125,682.0,95,990.5,1.5,1647.5,0.0,-16.4,2022-10-29T16:00:00,2022-10-29T18:00:00,1667066400,0.0,0.237,"{'icon': 's06n', 'description': 'Flurries', 'code': 623}",SSW,south-southwest,203,17.0,10.55
84,-28.9,100,0,100,100,2022-10-29:19,-17.7,0.0,0.0,0.0,304.5,n,30,0.125,682.5,96,992.0,1.5,1649.0,0.0,-17.2,2022-10-29T17:00:00,2022-10-29T19:00:00,1667070000,0.0,0.32,"{'icon': 's06n', 'description': 'Flurries', 'code': 623}",SSW,south-southwest,202,13.8,8.28
85,-29.7,100,0,100,100,2022-10-29:20,-18.5,0.0,0.0,0.0,305.5,n,30,0.125,683.0,97,994.0,1.5,1650.5,0.0,-18.2,2022-10-29T18:00:00,2022-10-29T20:00:00,1667073600,0.0,0.287,"{'icon': 's06n', 'description': 'Flurries', 'code': 623}",SSW,south-southwest,198,13.0,7.64
86,-30.0,100,0,100,100,2022-10-29:21,-19.0,0.0,0.0,0.0,305.5,n,30,0.125,683.5,97,995.5,1.5,1652.0,0.0,-18.7,2022-10-29T19:00:00,2022-10-29T21:00:00,1667077200,0.0,0.282,"{'icon': 's06n', 'description': 'Flurries', 'code': 623}",SSW,south-southwest,198,12.4,7.13
87,-30.5,100,0,100,100,2022-10-29:22,-19.6,0.0,0.0,0.0,305.8,n,20,0.0625,683.5,99,997.0,0.75,1652.8,0.0,-19.5,2022-10-29T20:00:00,2022-10-29T22:00:00,1667080800,0.0,0.341,"{'icon': 's06n', 'description': 'Flurries', 'code': 623}",SSW,south-southwest,192,11.01,6.3
88,-30.1,100,0,100,100,2022-10-29:23,-19.6,0.0,0.0,0.0,305.5,n,30,0.125,684.0,99,997.0,1.5,1654.3,0.0,-19.5,2022-10-29T21:00:00,2022-10-29T23:00:00,1667084400,0.0,0.264,"{'icon': 's06n', 'description': 'Flurries', 'code': 623}",SSW,south-southwest,192,10.5,5.86
89,-29.8,100,0,100,100,2022-10-30:00,-19.7,0.0,0.0,0.0,307.3,n,20,0.0625,683.5,98,997.0,0.75,1655.0,0.0,-19.4,2022-10-29T22:00:00,2022-10-30T00:00:00,1667088000,0.0,0.31,"{'icon': 's06n', 'description': 'Flurries', 'code': 623}",S,south,187,10.73,5.64
90,-30.3,100,0,100,100,2022-10-30:01,-19.6,0.0,0.0,0.0,308.5,n,30,0.125,684.0,99,997.5,1.5,1656.5,0.0,-19.5,2022-10-29T22:00:00,2022-10-30T01:00:00,1667091600,0.0,0.313,"{'icon': 's06n', 'description': 'Flurries', 'code': 623}",S,south,183,10.81,6.04
91,-30.8,100,0,100,100,2022-10-30:02,-19.9,0.0,0.0,0.0,309.0,n,20,0.0625,684.0,99,998.0,0.75,1657.3,0.0,-19.8,2022-10-29T23:00:00,2022-10-30T02:00:00,1667095200,0.0,0.395,"{'icon': 's06n', 'description': 'Flurries', 'code': 623}",S,south,186,11.72,6.29
92,-30.8,100,0,100,100,2022-10-30:03,-20.1,0.0,0.0,0.0,309.5,n,30,0.125,684.5,99,998.5,1.5,1658.8,0.0,-19.9,2022-10-30T00:00:00,2022-10-30T03:00:00,1667098800,0.0,0.272,"{'icon': 's06n', 'description': 'Flurries', 'code': 623}",S,south,189,11.41,6.06
93,-30.2,100,0,100,100,2022-10-30:04,-20.0,0.0,0.0,0.0,310.5,n,30,0.125,684.5,99,999.0,1.5,1660.3,0.0,-19.8,2022-10-30T01:00:00,2022-10-30T04:00:00,1667102400,0.0,0.259,"{'icon': 's06n', 'description': 'Flurries', 'code': 623}",SSW,south-southwest,195,10.8,5.53
94,-29.8,100,0,100,100,2022-10-30:05,-20.1,0.0,0.0,0.0,310.3,n,20,0.0625,685.0,99,999.5,0.75,1661.0,0.0,-20.0,2022-10-30T02:00:00,2022-10-30T05:00:00,1667106000,0.0,0.287,"{'icon': 's06n', 'description': 'Flurries', 'code': 623}",SSW,south-southwest,199,9.7,4.92
95,-30.0,100,0,100,100,2022-10-30:06,-20.7,0.0,0.0,0.0,309.8,n,30,0.125,685.0,100,1000.5,1.5,1662.5,0.0,-20.7,2022-10-30T03:00:00,2022-10-30T06:00:00,1667109600,0.0,0.249,"{'icon': 's06n', 'description': 'Flurries', 'code': 623}",SSW,south-southwest,202,7.32,4.28
96,-30.7,97,0,96,97,2022-10-30:07,-21.7,0.0,0.0,0.0,310.0,n,15,0.055555556,685.5,100,1002.3,0.6666667,1663.2,0.0,-21.7,2022-10-30T04:00:00,2022-10-30T07:00:00,1667113200,0.0,0.47,"{'icon': 's06n', 'description': 'Flurries', 'code': 623}",SSW,south-southwest,198,5.78,3.8
97,-31.2,94,0,93,94,2022-10-30:08,-22.7,0.0,0.0,0.0,310.3,n,20,0.06944445,686.0,100,1004.2,0.8333333,1664.0,0.0,-22.7,2022-10-30T05:00:00,2022-10-30T08:00:00,1667116800,0.0,0.691,"{'icon': 's06n', 'description': 'Flurries', 'code': 623}",SSW,south-southwest,194,4.25,3.31
98,-31.7,90,0,89,90,2022-10-30:09,-23.7,0.0,0.0,0.0,310.5,n,20,0.083333336,686.5,100,1006.0,1.0,1665.0,0.0,-23.7,2022-10-30T06:00:00,2022-10-30T09:00:00,1667120400,0.0,0.912,"{'icon': 's06n', 'description': 'Flurries', 'code': 623}",S,south,191,2.71,2.83
99,-34.1,94,19,93,75,2022-10-30:10,-25.5,0.0,0.0,0.0,310.8,n,15,0.0625,686.8,100,1009.0,0.6666667,1665.7,0.0,-25.5,2022-10-30T07:00:00,2022-10-30T10:00:00,1667124000,0.0,1.175,"{'icon': 's06n', 'description': 'Flurries', 'code': 623}",S,south,170,2.92,3.01
100,-36.6,97,37,96,60,2022-10-30:11,-27.3,0.0,0.0,0.0,311.0,n,10,0.041666668,687.2,100,1012.0,0.33333334,1666.0,0.0,-27.3,2022-10-30T08:00:00,2022-10-30T11:00:00,1667127600,0.0,1.439,"{'icon': 's04n', 'description': 'Mix snow/rain', 'code': 610}",SSE,south-southeast,149,3.12,3.19
101,-39.0,100,56,100,45,2022-10-30:12,-29.1,10.27,46.98,4.21,311.3,d,15,0.020833334,687.5,100,1015.0,0.0,1666.0,10.691,-29.1,2022-10-30T09:00:00,2022-10-30T12:00:00,1667131200,0.5,1.703,"{'icon': 'c04d', 'description': 'Overcast clouds', 'code': 804}",SE,southeast,129,3.33,3.37
102,-39.1,96,69,96,32,2022-10-30:13,-28.4,23.51,206.35,24.31,311.1,d,15,0.020833334,687.5,100,1014.2,0.0,1666.0,28.776367,-28.4,2022-10-30T10:00:00,2022-10-30T13:00:00,1667134800,1.8,3.231,"{'icon': 'c04d', 'description': 'Overcast clouds', 'code': 804}",ESE,east-southeast,122,3.86,3.98
103,-39.1,92,82,92,18,2022-10-30:14,-27.7,28.25,267.39,36.1,310.9,d,15,0.020833334,687.5,100,1013.3,0.0,1666.0,39.880318,-27.7,2022-10-30T11:00:00,2022-10-30T14:00:00,1667138400,1.8,4.76,"{'icon': 'c04d', 'description': 'Overcast clouds', 'code': 804}",ESE,east-southeast,116,4.39,4.58
104,-38.9,88,95,88,5,2022-10-30:15,-27.0,27.13,253.0,33.06,310.8,d,15,0.020833334,687.5,100,1012.5,0.0,1666.0,40.924225,-27.0,2022-10-30T12:00:00,2022-10-30T15:00:00,1667142000,0.6,6.288,"{'icon': 'c04d', 'description': 'Overcast clouds', 'code': 804}",ESE,east-southeast,110,4.91,5.19
105,-38.8,91,96,60,36,2022-10-30:16,-26.7,19.62,156.32,16.55,311.3,d,15,0.013888889,687.5,99,1012.2,0.0,1666.0,25.242863,-26.6,2022-10-30T13:00:00,2022-10-30T16:00:00,1667145600,1.8,12.235,"{'icon': 'c04d', 'description': 'Overcast clouds', 'code': 804}",ESE,east-southeast,109,6.38,5.56
106,-38.6,95,98,33,67,2022-10-30:17,-26.4,0.0,0.0,0.0,311.8,n,15,0.0069444445,687.5,98,1011.8,0.0,1666.0,0.0,-26.2,2022-10-30T14:00:00,2022-10-30T17:00:00,1667149200,0.0,18.181,"{'icon': 'c04n', 'description': 'Overcast clouds', 'code': 804}",ESE,east-southeast,107,7.84,5.93
107,-38.4,98,100,5,98,2022-10-30:18,-26.1,0.0,0.0,0.0,312.3,n,0,0.0,687.5,97,1011.5,0.0,1666.0,0.0,-25.8,2022-10-30T15:00:00,2022-10-30T18:00:00,1667152800,0.0,24.128,"{'icon': 'c04n', 'description': 'Overcast clouds', 'code': 804}",ESE,east-southeast,106,9.3,6.29
108,-35.7,99,100,29,99,2022-10-30:19,-24.0,0.0,0.0,0.0,311.9,n,0,0.0,687.3,98,1008.3,0.0,1666.0,0.0,-23.7,2022-10-30T16:00:00,2022-10-30T19:00:00,1667156400,0.0,16.233,"{'icon': 'c04n', 'description': 'Overcast clouds', 'code': 804}",ESE,east-southeast,110,9.4,6.15
109,-33.0,99,100,53,99,2022-10-30:20,-21.9,0.0,0.0,0.0,311.6,n,0,0.0,687.2,98,1005.2,0.0,1666.0,0.0,-21.7,2022-10-30T17:00:00,2022-10-30T20:00:00,1667160000,0.0,8.338,"{'icon': 'c04n', 'description': 'Overcast clouds', 'code': 804}",ESE,east-southeast,114,9.51,6.0
110,-30.3,100,100,77,100,2022-10-30:21,-19.9,0.0,0.0,0.0,311.3,n,0,0.0,687.0,98,1002.0,0.0,1666.0,0.0,-19.7,2022-10-30T18:00:00,2022-10-30T21:00:00,1667163600,0.0,0.443,"{'icon': 'c04n', 'description': 'Overcast clouds', 'code': 804}",ESE,east-southeast,118,9.61,5.86
111,-28.9,100,100,81,100,2022-10-30:22,-18.8,0.0,0.0,0.0,309.8,n,10,0.034722224,687.0,97,1000.3,0.41666666,1666.4,0.0,-18.4,2022-10-30T19:00:00,2022-10-30T22:00:00,1667167200,0.0,0.429,"{'icon': 's06n', 'description': 'Flurries', 'code': 623}",SE,southeast,128,10.24,6.09
112,-27.4,100,100,85,100,2022-10-30:23,-17.6,0.0,0.0,0.0,308.4,n,20,0.06944445,687.0,96,998.7,0.8333333,1667.2,0.0,-17.1,2022-10-30T20:00:00,2022-10-30T23:00:00,1667170800,0.0,0.415,"{'icon': 's06n', 'description': 'Flurries', 'code': 623}",SE,southeast,137,10.87,6.33
113,-25.9,100,100,90,100,2022-10-31:00,-16.4,0.0,0.0,0.0,307.0,n,25,0.104166664,687.0,95,997.0,1.25,1668.5,0.0,-15.8,2022-10-30T21:00:00,2022-10-31T00:00:00,1667174400,0.0,0.402,"{'icon': 's06n', 'description': 'Flurries', 'code': 623}",SSE,south-southeast,147,11.5,6.56
114,-26.3,100,100,90,100,2022-10-31:01,-16.6,0.0,0.0,0.0,308.0,n,20,0.083333336,687.2,95,997.2,0.8333333,1669.3,0.0,-16.0,2022-10-30T22:00:00,2022-10-31T01:00:00,1667178000,0.0,0.719,"{'icon': 's06n', 'description': 'Flurries', 'code': 623}",SSE,south-southeast,148,11.73,6.75
115,-26.6,100,100,90,100,2022-10-31:02,-16.8,0.0,0.0,0.0,309.0,n,15,0.0625,687.3,95,997.3,0.41666666,1669.7,0.0,-16.1,2022-10-30T23:00:00,2022-10-31T02:00:00,1667181600,0.0,1.036,"{'icon': 's04n', 'description': 'Mix snow/rain', 'code': 610}",SSE,south-southeast,150,11.97,6.94
116,-27.0,100,100,90,100,2022-10-31:03,-17.1,0.0,0.0,0.0,310.0,n,15,0.041666668,687.5,94,997.5,0.0,1669.7,0.0,-16.3,2022-10-31T00:00:00,2022-10-31T03:00:00,1667185200,0.0,1.353,"{'icon': 'c04n', 'description': 'Overcast clouds', 'code': 804}",SSE,south-southeast,151,12.2,7.13
117,-27.6,100,100,91,100,2022-10-31:04,-17.5,0.0,0.0,0.0,310.0,n,15,0.034722224,687.5,95,998.7,0.0,1669.7,0.0,-16.9,2022-10-31T01:00:00,2022-10-31T04:00:00,1667188800,0.0,1.709,"{'icon': 'c04n', 'description': 'Overcast clouds', 'code': 804}",SSE,south-southeast,152,12.07,6.94
118,-28.2,100,100,92,100,2022-10-31:05,-18.0,0.0,0.0,0.0,310.0,n,15,0.027777778,687.5,96,999.8,0.0,1669.7,0.0,-17.5,2022-10-31T02:00:00,2022-10-31T05:00:00,1667192400,0.0,2.066,"{'icon': 'c04n', 'description': 'Overcast clouds', 'code': 804}",SSE,south-southeast,152,11.94,6.75
119,-28.8,100,100,92,100,2022-10-31:06,-18.4,0.0,0.0,0.0,310.0,n,15,0.020833334,687.5,97,1001.0,0.0,1669.7,0.0,-18.1,2022-10-31T03:00:00,2022-10-31T06:00:00,1667196000,0.0,2.422,"{'icon': 'c04n', 'description': 'Overcast clouds', 'code': 804}",SSE,south-southeast,153,11.81,6.56
120,-28.6,94,99,89,93,2022-10-31:07,-18.2,0.0,0.0,0.0,309.7,n,15,0.020833334,687.7,97,1000.8,0.083333336,1669.8,0.0,-17.9,2022-10-31T04:00:00,2022-10-31T07:00:00,1667199600,0.0,1.82,"{'icon': 's04n', 'description': 'Mix snow/rain', 'code': 610}",SSE,south-southeast,151,12.38,6.66
121,-28.4,88,99,85,86,2022-10-31:08,-18.1,0.0,0.0,0.0,309.3,n,15,0.020833334,687.8,96,1000.7,0.16666667,1670.0,0.0,-17.6,2022-10-31T05:00:00,2022-10-31T08:00:00,1667203200,0.0,1.218,"{'icon': 's04n', 'description': 'Mix snow/rain', 'code': 610}",SSE,south-southeast,148,12.94,6.76
122,-28.2,82,98,82,80,2022-10-31:09,-17.9,0.0,0.0,0.0,309.0,n,15,0.020833334,688.0,96,1000.5,0.25,1670.3,0.0,-17.4,2022-10-31T06:00:00,2022-10-31T09:00:00,1667206800,0.0,0.617,"{'icon': 's06n', 'description': 'Flurries', 'code': 623}",SE,southeast,146,13.5,6.86
123,-28.0,85,75,83,84,2022-10-31:10,-17.5,0.0,0.0,0.0,307.9,n,10,0.041666668,688.2,95,1000.0,0.5,1670.8,0.0,-16.9,2022-10-31T07:00:00,2022-10-31T10:00:00,1667210400,0.0,0.64,"{'icon': 's06n', 'description': 'Flurries', 'code': 623}",SSE,south-southeast,148,14.47,7.55
124,-27.7,89,51,84,88,2022-10-31:11,-17.1,0.0,0.0,0.0,306.8,n,20,0.0625,688.3,94,999.5,0.75,1671.5,0.0,-16.4,2022-10-31T08:00:00,2022-10-31T11:00:00,1667214000,0.0,0.663,"{'icon': 's06n', 'description': 'Flurries', 'code': 623}",SSE,south-southeast,150,15.44,8.24
125,-27.5,93,27,86,93,2022-10-31:12,-16.7,7.55,23.45,2.2,305.8,d,20,0.083333336,688.5,93,999.0,1.0,1672.5,8.217034,-15.8,2022-10-31T09:00:00,2022-10-31T12:00:00,1667217600,0.5,0.686,"{'icon': 's06d', 'description': 'Flurries', 'code': 623}",SSE,south-southeast,152,16.41,8.93
126,-27.2,95,51,90,95,2022-10-31:13,-16.2,21.72,183.17,20.51,306.2,d,20,0.07638889,688.5,94,998.5,0.9166667,1673.4,26.632435,-15.5,2022-10-31T10:00:00,2022-10-31T13:00:00,1667221200,1.8,0.544,"{'icon': 's06d', 'description': 'Flurries', 'code': 623}",SSE,south-southeast,153,16.71,9.29
127,-26.9,98,76,95,98,2022-10-31:14,-15.8,26.67,247.11,31.86,306.6,d,20,0.06944445,688.5,94,998.0,0.8333333,1674.2,32.14448,-15.1,2022-10-31T11:00:00,2022-10-31T14:00:00,1667224800,1.8,0.403,"{'icon': 's06d', 'description': 'Flurries', 'code': 623}",SSE,south-southeast,155,17.01,9.64
128,-26.5,100,100,100,100,2022-10-31:15,-15.5,25.49,231.99,28.91,307.0,d,20,0.0625,688.5,94,997.5,0.75,1675.0,28.381,-14.7,2022-10-31T12:00:00,2022-10-31T15:00:00,1667228400,0.5,0.262,"{'icon': 's06d', 'description': 'Flurries', 'code': 623}",SSE,south-southeast,156,17.31,10.0
129,-26.7,100,100,98,100,2022-10-31:16,-15.8,17.62,130.84,13.15,308.5,d,20,0.06944445,688.7,94,998.0,0.8333333,1675.8,18.934998,-15.0,2022-10-31T13:00:00,2022-10-31T16:00:00,1667232000,1.8,0.387,"{'icon': 's06d', 'description': 'Flurries', 'code': 623}",SSE,south-southeast,157,16.57,9.61
130,-26.9,100,100,96,100,2022-10-31:17,-16.1,0.0,0.0,0.0,310.0,n,20,0.07638889,688.8,94,998.5,0.9166667,1676.7,0.0,-15.3,2022-10-31T14:00:00,2022-10-31T17:00:00,1667235600,0.0,0.512,"{'icon': 's06n', 'description': 'Flurries', 'code': 623}",SSE,south-southeast,158,15.83,9.23
131,-27.1,100,100,94,100,2022-10-31:18,-16.4,0.0,0.0,0.0,311.5,n,20,0.083333336,689.0,94,999.0,1.0,1677.7,0.0,-15.6,2022-10-31T15:00:00,2022-10-31T18:00:00,1667239200,0.0,0.637,"{'icon': 's06n', 'description': 'Flurries', 'code': 623}",SSE,south-southeast,159,15.09,8.85
132,-26.7,100,71,96,100,2022-10-31:19,-15.9,0.0,0.0,0.0,312.0,n,25,0.09027778,689.2,94,998.7,1.0833334,1678.8,0.0,-15.2,2022-10-31T16:00:00,2022-10-31T19:00:00,1667242800,0.0,0.503,"{'icon': 's06n', 'description': 'Flurries', 'code': 623}",SSE,south-southeast,161,15.66,9.15
133,-26.3,100,42,98,100,2022-10-31:20,-15.5,0.0,0.0,0.0,312.5,n,25,0.09722223,689.3,94,998.3,1.1666666,1680.0,0.0,-14.8,2022-10-31T17:00:00,2022-10-31T20:00:00,1667246400,0.0,0.37,"{'icon': 's06n', 'description': 'Flurries', 'code': 623}",SSE,south-southeast,163,16.23,9.45
134,-25.9,100,13,100,99,2022-10-31:21,-15.1,0.0,0.0,0.0,313.0,n,25,0.104166664,689.5,94,998.0,1.25,1681.3,0.0,-14.3,2022-10-31T18:00:00,2022-10-31T21:00:00,1667250000,0.0,0.236,"{'icon': 's06n', 'description': 'Flurries', 'code': 623}",SSE,south-southeast,164,16.8,9.75
135,-26.0,100,42,100,100,2022-10-31:22,-15.1,0.0,0.0,0.0,312.9,n,30,0.13194445,689.7,94,998.3,1.5833334,1682.9,0.0,-14.4,2022-10-31T19:00:00,2022-10-31T22:00:00,1667253600,0.0,0.242,"{'icon': 's06n', 'description': 'Flurries', 'code': 623}",SSE,south-southeast,165,17.77,9.93
136,-26.2,100,71,100,100,2022-10-31:23,-15.2,0.0,0.0,0.0,312.8,n,35,0.15972222,689.8,94,998.7,1.9166666,1684.8,0.0,-14.4,2022-10-31T20:00:00,2022-10-31T23:00:00,1667257200,0.0,0.247,"{'icon': 's06n', 'description': 'Flurries', 'code': 623}",SSE,south-southeast,165,18.73,10.11
137,-26.3,100,100,100,100,2022-11-01:00,-15.2,0.0,0.0,0.0,312.8,n,40,0.1875,690.0,94,999.0,2.25,1687.0,0.0,-14.4,2022-10-31T21:00:00,2022-11-01T00:00:00,1667260800,0.0,0.252,"{'icon': 's01n', 'description': 'Light snow', 'code': 600}",SSE,south-southeast,165,19.7,10.29
138,-26.1,100,79,100,100,2022-11-01:01,-15.3,0.0,0.0,0.0,313.6,n,35,0.16666667,690.0,94,999.2,2.0,1689.0,0.0,-14.5,2022-10-31T22:00:00,2022-11-01T01:00:00,1667264400,0.0,0.255,"{'icon': 's06n', 'description': 'Flurries', 'code': 623}",SSE,south-southeast,163,18.5,9.76
139,-25.9,100,57,100,100,2022-11-01:02,-15.3,0.0,0.0,0.0,314.4,n,35,0.14583333,690.0,94,999.3,1.75,1690.8,0.0,-14.6,2022-10-31T23:00:00,2022-11-01T02:00:00,1667268000,0.0,0.258,"{'icon': 's06n', 'description': 'Flurries', 'code': 623}",SSE,south-southeast,161,17.3,9.23
140,-25.7,100,36,100,100,2022-11-01:03,-15.4,0.0,0.0,0.0,315.3,n,30,0.125,690.0,94,999.5,1.5,1692.3,0.0,-14.6,2022-11-01T00:00:00,2022-11-01T03:00:00,1667271600,0.0,0.261,"{'icon': 's06n', 'description': 'Flurries', 'code': 623}",SSE,south-southeast,160,16.09,8.69
141,-26.0,100,39,100,100,2022-11-01:04,-15.7,0.0,0.0,0.0,316.0,n,30,0.11805556,690.0,94,1000.0,1.4166666,1693.7,0.0,-15.0,2022-11-01T01:00:00,2022-11-01T04:00:00,1667275200,0.0,0.275,"{'icon': 's06n', 'description': 'Flurries', 'code': 623}",SSE,south-southeast,153,15.71,8.37
142,-26.3,100,43,99,100,2022-11-01:05,-16.1,0.0,0.0,0.0,316.8,n,25,0.11111111,690.0,94,1000.5,1.3333334,1695.0,0.0,-15.3,2022-11-01T02:00:00,2022-11-01T05:00:00,1667278800,0.0,0.288,"{'icon': 's06n', 'description': 'Flurries', 'code': 623}",SSE,south-southeast,147,15.32,8.05
143,-26.5,100,47,99,100,2022-11-01:06,-16.3,0.0,0.0,0.0,317.5,n,25,0.104166664,690.0,95,1001.0,1.25,1696.3,0.0,-15.7,2022-11-01T03:00:00,2022-11-01T06:00:00,1667282400,0.0,0.302,"{'icon': 's06n', 'description': 'Flurries', 'code': 623}",SE,southeast,141,14.93,7.73
144,-26.1,100,33,99,100,2022-11-01:07,-16.0,0.0,0.0,0.0,317.3,n,35,0.16666667,689.8,95,1000.3,2.0,1698.3,0.0,-15.4,2022-11-01T04:00:00,2022-11-01T07:00:00,1667286000,0.0,0.247,"{'icon': 's06n', 'description': 'Flurries', 'code': 623}",SE,southeast,142,15.03,7.66
145,-25.8,100,19,100,100,2022-11-01:08,-15.8,0.0,0.0,0.0,317.0,n,45,0.22916669,689.7,95,999.7,2.75,1701.0,0.0,-15.2,2022-11-01T05:00:00,2022-11-01T08:00:00,1667289600,0.0,0.193,"{'icon': 's01n', 'description': 'Light snow', 'code': 600}",SE,southeast,143,15.13,7.59
146,-25.4,100,5,100,100,2022-11-01:09,-15.5,0.0,0.0,0.0,316.8,n,50,0.29166666,689.5,95,999.0,3.5,1704.5,0.0,-14.9,2022-11-01T06:00:00,2022-11-01T09:00:00,1667293200,0.0,0.138,"{'icon': 's01n', 'description': 'Light snow', 'code': 600}",SE,southeast,144,15.23,7.52
147,-26.3,100,14,100,100,2022-11-01:10,-16.3,0.0,0.0,0.0,318.2,n,40,0.22222222,689.5,95,1000.0,2.3333333,1706.8,0.0,-15.7,2022-11-01T07:00:00,2022-11-01T10:00:00,1667296800,0.0,0.708,"{'icon': 's01n', 'description': 'Light snow', 'code': 600}",SE,southeast,146,13.99,7.25
148,-27.2,100,24,100,100,2022-11-01:11,-17.2,0.0,0.0,0.0,319.6,n,30,0.15277779,689.5,95,1001.0,1.1666666,1708.0,0.0,-16.6,2022-11-01T08:00:00,2022-11-01T11:00:00,1667300400,0.0,1.278,"{'icon': 's04n', 'description': 'Mix snow/rain', 'code': 610}",SSE,south-southeast,149,12.75,6.99
149,-28.1,100,33,100,100,2022-11-01:12,-17.9,4.54,6.12,0.74,321.0,d,10,0.083333336,689.5,96,1002.0,0.0,1708.0,4.614,-17.4,2022-11-01T09:00:00,2022-11-01T12:00:00,1667304000,0.4,1.848,"{'icon': 'c04d', 'description': 'Overcast clouds', 'code': 804}",SSE,south-southeast,151,11.51,6.72
150,-30.6,98,33,98,76,2022-11-01:13,-19.8,19.85,159.14,16.94,321.3,d,15,0.055555556,689.5,97,1004.8,0.0,1708.0,22.35965,-19.5,2022-11-01T10:00:00,2022-11-01T13:00:00,1667307600,1.8,2.429,"{'icon': 'c04d', 'description': 'Overcast clouds', 'code': 804}",SSE,south-southeast,147,11.41,6.52
151,-33.1,97,33,97,52,2022-11-01:14,-21.7,25.04,226.05,27.8,321.7,d,15,0.027777778,689.5,99,1007.7,0.0,1708.0,30.445753,-21.6,2022-11-01T11:00:00,2022-11-01T14:00:00,1667311200,1.8,3.011,"{'icon': 'c04d', 'description': 'Overcast clouds', 'code': 804}",SE,southeast,144,11.3,6.33
152,-35.5,95,33,95,27,2022-11-01:15,-23.6,23.81,210.18,24.96,322.0,d,0,0.0,689.5,100,1010.5,0.0,1708.0,29.774145,-23.6,2022-11-01T12:00:00,2022-11-01T15:00:00,1667314800,0.5,3.592,"{'icon': 'c04d', 'description': 'Overcast clouds', 'code': 804}",SE,southeast,140,11.2,6.13
153,-37.1,97,36,97,20,2022-11-01:16,-25.0,15.51,104.84,10.04,323.0,d,15,0.0069444445,689.5,100,1012.5,0.0,1708.0,17.462294,-25.0,2022-11-01T13:00:00,2022-11-01T16:00:00,1667318400,1.8,3.799,"{'icon': 'c04d', 'description': 'Overcast clouds', 'code': 804}",SE,southeast,138,9.88,5.95
154,-38.6,98,39,98,13,2022-11-01:17,-26.3,0.0,0.0,0.0,324.0,n,15,0.013888889,689.5,100,1014.5,0.0,1708.0,0.0,-26.3,2022-11-01T14:00:00,2022-11-01T17:00:00,1667322000,0.0,4.005,"{'icon': 'c04n', 'description': 'Overcast clouds', 'code': 804}",SE,southeast,135,8.55,5.77
155,-40.2,100,42,100,5,2022-11-01:18,-27.7,0.0,0.0,0.0,325.0,n,15,0.020833334,689.5,100,1016.5,0.0,1708.0,0.0,-27.7,2022-11-01T15:00:00,2022-11-01T18:00:00,1667325600,0.0,4.212,"{'icon': 'c04n', 'description': 'Overcast clouds', 'code': 804}",SE,southeast,133,7.22,5.59
156,-39.2,100,61,84,37,2022-11-01:19,-27.1,0.0,0.0,0.0,325.6,n,15,0.013888889,689.2,100,1015.3,0.0,1708.0,0.0,-27.1,2022-11-01T16:00:00,2022-11-01T19:00:00,1667329200,0.0,6.723,"{'icon': 'c04n', 'description': 'Overcast clouds', 'code': 804}",SE,southeast,132,6.55,5.36
157,-38.3,100,81,69,68,2022-11-01:20,-26.6,0.0,0.0,0.0,326.2,n,15,0.0069444445,688.8,100,1014.2,0.0,1708.0,0.0,-26.6,2022-11-01T17:00:00,2022-11-01T20:00:00,1667332800,0.0,9.233,"{'icon': 'c04n', 'description': 'Overcast clouds', 'code': 804}",SE,southeast,130,5.88,5.12
158,-37.3,100,100,53,100,2022-11-01:21,-26.0,0.0,0.0,0.0,326.8,n,0,0.0,688.5,100,1013.0,0.0,1708.0,0.0,-26.0,2022-11-01T18:00:00,2022-11-01T21:00:00,1667336400,0.0,11.744,"{'icon': 'c04n', 'description': 'Overcast clouds', 'code': 804}",SE,southeast,129,5.21,4.88
159,-35.0,100,100,59,100,2022-11-01:22,-24.5,0.0,0.0,0.0,327.1,n,0,0.0,688.2,100,1010.5,0.0,1708.0,0.0,-24.5,2022-11-01T19:00:00,2022-11-01T22:00:00,1667340000,0.0,8.004,"{'icon': 'c04n', 'description': 'Overcast clouds', 'code': 804}",SE,southeast,130,4.98,4.48
160,-32.6,100,100,65,100,2022-11-01:23,-23.1,0.0,0.0,0.0,327.4,n,0,0.0,687.8,99,1008.0,0.0,1708.0,0.0,-23.0,2022-11-01T20:00:00,2022-11-01T23:00:00,1667343600,0.0,4.263,"{'icon': 'c04n', 'description': 'Overcast clouds', 'code': 804}",SE,southeast,131,4.75,4.08
161,-30.3,100,100,71,100,2022-11-02:00,-21.6,0.0,0.0,0.0,327.8,n,0,0.0,687.5,99,1005.5,0.0,1708.0,0.0,-21.5,2022-11-01T21:00:00,2022-11-02T00:00:00,1667347200,0.0,0.523,"{'icon': 'c04n', 'description': 'Overcast clouds', 'code': 804}",SE,southeast,132,4.52,3.68
162,-29.1,100,87,73,100,2022-11-02:01,-20.9,0.0,0.0,0.0,328.3,n,15,0.020833334,687.2,99,1003.8,0.25,1708.3,0.0,-20.8,2022-11-01T22:00:00,2022-11-02T01:00:00,1667350800,0.0,0.544,"{'icon': 's06n', 'description': 'Flurries', 'code': 623}",SE,southeast,137,3.98,3.44
163,-28.0,100,74,74,100,2022-11-02:02,-20.2,0.0,0.0,0.0,328.9,n,10,0.041666668,686.8,99,1002.2,0.5,1708.8,0.0,-20.1,2022-11-01T23:00:00,2022-11-02T02:00:00,1667354400,0.0,0.565,"{'icon': 's06n', 'description': 'Flurries', 'code': 623}",SE,southeast,143,3.44,3.2
164,-26.8,100,61,76,100,2022-11-02:03,-19.6,0.0,0.0,0.0,329.5,n,20,0.0625,686.5,99,1000.5,0.75,1709.5,0.0,-19.4,2022-11-02T00:00:00,2022-11-02T03:00:00,1667358000,0.0,0.586,"{'icon': 's06n', 'description': 'Flurries', 'code': 623}",SSE,south-southeast,148,2.9,2.96
165,-29.4,100,67,84,100,2022-11-02:04,-21.8,0.0,0.0,0.0,330.6,n,15,0.04861111,686.3,99,1003.2,0.5833333,1710.1,0.0,-21.6,2022-11-02T01:00:00,2022-11-02T04:00:00,1667361600,0.0,0.711,"{'icon': 's06n', 'description': 'Flurries', 'code': 623}",SSE,south-southeast,150,2.87,2.93
166,-32.0,100,73,92,100,2022-11-02:05,-23.9,0.0,0.0,0.0,331.7,n,10,0.034722224,686.2,100,1005.8,0.41666666,1710.5,0.0,-23.9,2022-11-02T02:00:00,2022-11-02T05:00:00,1667365200,0.0,0.837,"{'icon': 's06n', 'description': 'Flurries', 'code': 623}",SSE,south-southeast,153,2.84,2.89
167,-34.6,100,79,100,100,2022-11-02:06,-26.1,0.0,0.0,0.0,332.8,n,15,0.020833334,686.0,100,1008.5,0.25,1710.8,0.0,-26.1,2022-11-02T03:00:00,2022-11-02T06:00:00,1667368800,0.0,0.963,"{'icon': 's06n', 'description': 'Flurries', 'code': 623}",SSE,south-southeast,155,2.81,2.86
